{
  "name": "2 Button Variable Selector",
  "description": "",
  "author": "Bruno Calver (BCA)",
  "library": "Variable_Buttons",
  "meta": {
    "type": "navigation"
  },
  "properties": {
    "sections": [
      {
        "type": "header",
        "order": 0,
        "parent": "qw-pe-dropzone0-0",
        "ref": "header1",
        "label": "Settings"
      },
      {
        "type": "header",
        "order": 1,
        "parent": "qw-pe-dropzone0-1",
        "ref": "header2",
        "label": "Button Appearance"
      },
      {
        "type": "header",
        "order": 2,
        "parent": "qw-pe-dropzone0-2",
        "ref": "header3",
        "label": "Set  Variable"
      }
    ],
    "settings": [
      {
        "type": "string",
        "expression": "optional",
        "defaultValue": "Button 2",
        "order": 2,
        "parent": "header1",
        "ref": "button2name",
        "label": "Button 2 Name"
      },
      {
        "type": "string",
        "expression": "optional",
        "defaultValue": "Button 1",
        "order": 0,
        "parent": "header1",
        "ref": "button1name",
        "label": "Button 1 Name"
      },
      {
        "type": "string",
        "expression": "optional",
        "defaultValue": "2",
        "order": 3,
        "parent": "header1",
        "ref": "button2value",
        "label": "Button 2 Value"
      },
      {
        "type": "string",
        "expression": "optional",
        "defaultValue": "1",
        "order": 1,
        "parent": "header1",
        "ref": "button1value",
        "label": "Button 1 Value"
      },
      {
        "type": "string",
        "expression": "optional",
        "defaultValue": "",
        "order": 0,
        "parent": "header3",
        "ref": "setvariable",
        "label": "Enter Variable Name"
      },
      {
        "component": "dropdown",
        "type": "string",
        "defaultValue": "#d67b19",
        "options": [
          {
            "label": "Orange",
            "value": "#d67b19"
          },
          {
            "label": "Gray",
            "value": "#575756"
          },
          {
            "label": "Blue",
            "value": "#0082A8"
          },
          {
            "label": "Purple",
            "value": "#5e024e"
          },
          {
            "label": "Green",
            "value": "#a2bc13"
          }
        ],
        "order": 0,
        "parent": "header2",
        "ref": "buttoncolour",
        "label": "Button Background Colour"
      },
      {
        "type": "string",
        "expression": "optional",
        "defaultValue": "",
        "order": 1,
        "parent": "header3",
        "ref": "expandedvar",
        "label": "Enter' =(variablename)'"
      },
      {
        "component": "dropdown",
        "type": "string",
        "defaultValue": "",
        "options": [
          {
            "label": "Qlik Std",
            "value": "QlikView Sans"
          },
          {
            "label": "Helvetica",
            "value": "helvetica"
          },
          {
            "label": "Tahoma",
            "value": "tahoma"
          },
          {
            "label": "Lucida Console",
            "value": "Lucida Console"
          },
          {
            "label": "Arial",
            "value": "arial"
          },
          {
            "label": "Georgia",
            "value": "georgia"
          }
        ],
        "order": 1,
        "parent": "header2",
        "ref": "fontfamily",
        "label": "Font Family"
      }
    ]
  },
  "dependencies": {}
}